{
    "file_name": "ANLB_18x18x19",
    "mesh_shape": [
        18,
        18,
        19
    ],
    "num_iterations": 347,
    "k": 1.0274632629155884,
    "peak_to_avg": 2.6624196185590945,
    "max_power_density": 7048.86505569334,
    "run_time": 97.9563889503479
}