{
    "file_name": "ANLB_108x108x114",
    "mesh_shape": [
        108,
        108,
        114
    ],
    "num_iterations": 357,
    "k": 1.0273949497701518,
    "peak_to_avg": 2.6822169609176805,
    "max_power_density": 32.87629319886029,
    "run_time": 14132.132862091064
}