{
    "file_name": "ANLB_9x9x19",
    "mesh_shape": [
        9,
        9,
        19
    ],
    "num_iterations": 357,
    "k": 1.0302564569912576,
    "peak_to_avg": 2.5543126234389506,
    "max_power_density": 27050.58942199285,
    "run_time": 11.991634845733643
}