{
    "file_name": "ANLB_9x9x19",
    "mesh_shape": [
        9,
        9,
        19
    ],
    "num_iterations": 357,
    "k": 1.03025645698069,
    "peak_to_avg": 2.554312624541909,
    "max_power_density": 27050.589433673344,
    "run_time": 9.926831007003784
}